{
  "gizmos-infos": {
    "is2D": true,
    "is3DIcon": false,
    "iconSize": 2,
    "gridVisible": true,
    "gridColor": [
      150,
      150,
      150,
      255
    ],
    "isIconGizmo3D": false,
    "iconGizmoSize": 2,
    "isGridVisible": true
  },
  "camera": {
    "fov": 45,
    "far": 10000,
    "near": 0.01,
    "color": [
      48,
      48,
      48,
      255
    ],
    "wheelSpeed": 0.01,
    "wanderSpeed": 100,
    "enableAcceleration": true,
    "far2D": 10000,
    "near2D": 1,
    "wheelSpeed2D": 6,
    "size": "__default_design__"
  },
  "camera-infos": {
    "f46876e4-e81b-4931-b493-6d367be385e7": {
      "position": {
        "x": 773.4330707209364,
        "y": 368.0836888220752,
        "z": 5000
      },
      "rotation": {
        "x": 0,
        "y": 0,
        "z": 0,
        "w": 1
      },
      "viewCenter": {
        "x": 0,
        "y": 0,
        "z": 0
      }
    },
    "0d6c75ac-8171-4aaa-a146-3d530a2632f9": {
      "position": {
        "x": 487.21913820423345,
        "y": 133.99488111471328,
        "z": 5000
      },
      "rotation": {
        "x": 0,
        "y": 0,
        "z": 0,
        "w": 1
      },
      "viewCenter": {
        "x": 0,
        "y": 0,
        "z": 0
      }
    },
    "853169ff-7bd0-4aa4-a152-b2ff5282ad96": {
      "position": {
        "x": 480,
        "y": 320,
        "z": 5000
      },
      "rotation": {
        "x": 0,
        "y": 0,
        "z": 0,
        "w": 1
      },
      "viewCenter": {
        "x": -10.00036365742497,
        "y": 7.0357195747749,
        "z": 383.9530549671106
      }
    },
    "87e657b2-876e-45c5-97c9-ecb693882427": {
      "position": {
        "x": 819.6528538073803,
        "y": 298.44170667469086,
        "z": 5000
      },
      "rotation": {
        "x": 0,
        "y": 0,
        "z": 0,
        "w": 1
      },
      "viewCenter": {
        "x": 0,
        "y": 0,
        "z": 0
      }
    },
    "2ccb6294-9db6-4588-ab45-b38d9987a2fd": {
      "position": {
        "x": 639.6775818639798,
        "y": 142.36775818639796,
        "z": 5000
      },
      "rotation": {
        "x": 0,
        "y": 0,
        "z": 0,
        "w": 1
      },
      "viewCenter": {
        "x": 0,
        "y": 0,
        "z": 0
      }
    },
    "94a4dfa6-acdb-403d-bc15-8b51d06c83aa": {
      "position": {
        "x": 639.6398424310636,
        "y": 361.0804727068092,
        "z": 5000
      },
      "rotation": {
        "x": 0,
        "y": 0,
        "z": 0,
        "w": 1
      },
      "viewCenter": {
        "x": 0,
        "y": 0,
        "z": 0
      }
    },
    "c175c41c-008c-40d6-b07b-897a4294cf8e": {
      "position": {
        "x": 735.1670985606042,
        "y": 292.0921898031853,
        "z": 5000
      },
      "rotation": {
        "x": 0,
        "y": 0,
        "z": 0,
        "w": 1
      },
      "viewCenter": {
        "x": 0,
        "y": 0,
        "z": 0
      }
    },
    "c963f95c-8911-45af-9bab-57ab84c95452": {
      "position": {
        "x": 968.8105131710743,
        "y": 538.8496489071803,
        "z": 5000
      },
      "rotation": {
        "x": 0,
        "y": 0,
        "z": 0,
        "w": 1
      },
      "viewCenter": {
        "x": 0,
        "y": 0,
        "z": 0
      }
    },
    "6e1e8a79-d7d3-4a0f-971c-c8e21fef5314": {
      "position": {
        "x": 355.94962216624685,
        "y": 359.67758186397987,
        "z": 5000
      },
      "rotation": {
        "x": 0,
        "y": 0,
        "z": 0,
        "w": 1
      },
      "viewCenter": {
        "x": 0,
        "y": 0,
        "z": 0
      }
    },
    "63c03938-c76c-4347-9a97-f8dfcc7a9f7d": {
      "position": {
        "x": 847.1923020556942,
        "y": 389.9469626295221,
        "z": 5000
      },
      "rotation": {
        "x": 0,
        "y": 0,
        "z": 0,
        "w": 1
      },
      "viewCenter": {
        "x": 0,
        "y": 0,
        "z": 0
      }
    },
    "6bmhkry1JNJbwlAuZSv7oi": {
      "position": {
        "x": 7.465859374467432,
        "y": 7.465859374467438,
        "z": 7.465859374467451
      },
      "rotation": {
        "x": -0.27984814233312133,
        "y": 0.3647051996310009,
        "z": 0.11591689595929512,
        "w": 0.8804762392171493
      },
      "viewCenter": {
        "x": 0,
        "y": 0,
        "z": 0
      }
    },
    "8ccEucAZFKNrwMJpydJver": {
      "position": {
        "x": 3.081343770123863,
        "y": 3.081343770123863,
        "z": 3.081343770123861
      },
      "rotation": {
        "x": -0.27984814233312133,
        "y": 0.3647051996310009,
        "z": 0.11591689595929512,
        "w": 0.8804762392171493
      },
      "viewCenter": {
        "x": 0,
        "y": 0,
        "z": 0
      }
    },
    "a41lrU81hNZacqnNGnKOXN": {
      "position": {
        "x": 1.4837736760259765,
        "y": 1.4837736760259865,
        "z": 1.483773676025998
      },
      "rotation": {
        "x": -0.27984814233312133,
        "y": 0.3647051996310009,
        "z": 0.11591689595929512,
        "w": 0.8804762392171493
      },
      "viewCenter": {
        "x": 0,
        "y": 0,
        "z": 0
      }
    },
    "f9e58efc-7ffe-4b4a-acc1-8983612d5353": {
      "position": {
        "x": 609.4642857142858,
        "y": 360,
        "z": 5000
      },
      "rotation": {
        "x": 0,
        "y": 0,
        "z": 0,
        "w": 1
      },
      "viewCenter": {
        "x": 0,
        "y": 0,
        "z": 0
      }
    },
    "8378afab-b557-4028-a9bd-0b54f6191fb6": {
      "position": {
        "x": -0.009097479877867864,
        "y": -0.12064744574882605,
        "z": 3.7963693019016707
      },
      "rotation": {
        "x": -0.12020094952323479,
        "y": 0.00919959484730246,
        "z": 0.0011149614881492303,
        "w": 0.9927063292078065
      },
      "viewCenter": {
        "x": -0.07715613500015149,
        "y": -1.023216400210551,
        "z": 0.12461025422670158
      }
    }
  },
  "camera-uuids": [
    "f9e58efc-7ffe-4b4a-acc1-8983612d5353"
  ],
  "float-window": {
    "position": {
      "cc": {
        "Camera": {
          "dock": false,
          "top": null,
          "bottom": 10,
          "left": null,
          "right": 10
        }
      }
    }
  },
  "game-view": {
    "fullScreen": true,
    "scaleValue": 200,
    "sliderValue": 66,
    "devicesInfo": {
      "name": "16:9",
      "type": "ratio",
      "width": 16,
      "height": 9
    }
  },
  "scene": {
    "native": false
  },
  "__version__": "1.0.0",
  "builder": {},
  "": {
    "sculpt_brush_rotate": 0
  }
}
