{
  "gizmos-infos": {
    "is2D": true,
    "is3DIcon": false,
    "iconSize": 2,
    "gridVisible": true,
    "gridColor": [
      150,
      150,
      150,
      255
    ],
    "isIconGizmo3D": false,
    "iconGizmoSize": 2,
    "isGridVisible": true
  },
  "camera": {
    "fov": 58,
    "far": 1000,
    "near": 0.01,
    "color": [
      48,
      48,
      48,
      255
    ],
    "wheelSpeed": 0.01,
    "wanderSpeed": 100,
    "enableAcceleration": true,
    "far2D": 10000,
    "near2D": 1,
    "wheelSpeed2D": 6,
    "size": "__default_design__"
  },
  "camera-infos": {
    "f46876e4-e81b-4931-b493-6d367be385e7": {
      "position": {
        "x": 639.6398424310636,
        "y": 360,
        "z": 5000
      },
      "rotation": {
        "x": 0,
        "y": 0,
        "z": 0,
        "w": 1
      },
      "viewCenter": {
        "x": 0,
        "y": 0,
        "z": 0
      }
    },
    "0d6c75ac-8171-4aaa-a146-3d530a2632f9": {
      "position": {
        "x": -2.2762310801405015,
        "y": 2.3494299232326994,
        "z": 7.2544923187907155
      },
      "rotation": {
        "x": 0.08888885547298447,
        "y": -0.34083906114372253,
        "z": 0.032432123657807635,
        "w": 0.9353478834778072
      },
      "viewCenter": {
        "x": 18.560111250511795,
        "y": 8.5620833597693,
        "z": -17.53959557949957
      }
    },
    "853169ff-7bd0-4aa4-a152-b2ff5282ad96": {
      "position": {
        "x": 480,
        "y": 320,
        "z": 5000
      },
      "rotation": {
        "x": 0,
        "y": 0,
        "z": 0,
        "w": 1
      },
      "viewCenter": {
        "x": -10.00036365742497,
        "y": 7.0357195747749,
        "z": 383.9530549671106
      }
    },
    "87e657b2-876e-45c5-97c9-ecb693882427": {
      "position": {
        "x": 639.6398424310636,
        "y": 359.6398424310636,
        "z": 5000
      },
      "rotation": {
        "x": 0,
        "y": 0,
        "z": 0,
        "w": 1
      },
      "viewCenter": {
        "x": 0,
        "y": 0,
        "z": 0
      }
    },
    "2ccb6294-9db6-4588-ab45-b38d9987a2fd": {
      "position": {
        "x": 639.6398424310636,
        "y": -316.3759144625774,
        "z": 5000
      },
      "rotation": {
        "x": 0,
        "y": 0,
        "z": 0,
        "w": 1
      },
      "viewCenter": {
        "x": 0,
        "y": 0,
        "z": 0
      }
    },
    "94a4dfa6-acdb-403d-bc15-8b51d06c83aa": {
      "position": {
        "x": 604.827311125423,
        "y": -494.9879935769809,
        "z": 5000
      },
      "rotation": {
        "x": 0,
        "y": 0,
        "z": 0,
        "w": 1
      },
      "viewCenter": {
        "x": 0,
        "y": 0,
        "z": 0
      }
    },
    "c175c41c-008c-40d6-b07b-897a4294cf8e": {
      "position": {
        "x": 639.6873473375672,
        "y": 359.68734733756713,
        "z": 5000
      },
      "rotation": {
        "x": 0,
        "y": 0,
        "z": 0,
        "w": 1
      },
      "viewCenter": {
        "x": 0.022801536292289967,
        "y": 2.7512282173424394,
        "z": -1.1687988522038353
      }
    },
    "c963f95c-8911-45af-9bab-57ab84c95452": {
      "position": {
        "x": 0,
        "y": 0,
        "z": 3.032526390823609
      },
      "rotation": {
        "x": 0,
        "y": 0,
        "z": 0,
        "w": 1
      },
      "viewCenter": {
        "x": 0,
        "y": 0,
        "z": 0
      }
    },
    "6e1e8a79-d7d3-4a0f-971c-c8e21fef5314": {
      "position": {
        "x": 1.1073276007530715,
        "y": 2.270234894382506,
        "z": 10.669771160309397
      },
      "rotation": {
        "x": 0,
        "y": 0,
        "z": 0,
        "w": 1
      },
      "viewCenter": {
        "x": 640,
        "y": 360,
        "z": 0
      }
    },
    "63c03938-c76c-4347-9a97-f8dfcc7a9f7d": {
      "position": {
        "x": 77.33684851410453,
        "y": 232.2947224502857,
        "z": 5000
      },
      "rotation": {
        "x": 0,
        "y": 0,
        "z": 0,
        "w": 1
      },
      "viewCenter": {
        "x": 0,
        "y": 0,
        "z": 0
      }
    },
    "6bmhkry1JNJbwlAuZSv7oi": {
      "position": {
        "x": 7.465859374467432,
        "y": 7.465859374467438,
        "z": 7.465859374467451
      },
      "rotation": {
        "x": -0.27984814233312133,
        "y": 0.3647051996310009,
        "z": 0.11591689595929512,
        "w": 0.8804762392171493
      },
      "viewCenter": {
        "x": 0,
        "y": 0,
        "z": 0
      }
    },
    "8ccEucAZFKNrwMJpydJver": {
      "position": {
        "x": 3.081343770123863,
        "y": 3.081343770123863,
        "z": 3.081343770123861
      },
      "rotation": {
        "x": -0.27984814233312133,
        "y": 0.3647051996310009,
        "z": 0.11591689595929512,
        "w": 0.8804762392171493
      },
      "viewCenter": {
        "x": 0,
        "y": 0,
        "z": 0
      }
    },
    "a41lrU81hNZacqnNGnKOXN": {
      "position": {
        "x": 1.4837736760259765,
        "y": 1.4837736760259865,
        "z": 1.483773676025998
      },
      "rotation": {
        "x": -0.27984814233312133,
        "y": 0.3647051996310009,
        "z": 0.11591689595929512,
        "w": 0.8804762392171493
      },
      "viewCenter": {
        "x": 0,
        "y": 0,
        "z": 0
      }
    }
  },
  "camera-uuids": [
    "87e657b2-876e-45c5-97c9-ecb693882427"
  ],
  "float-window": {
    "position": {
      "cc": {
        "Camera": {
          "dock": false,
          "top": null,
          "bottom": 10,
          "left": null,
          "right": 10
        }
      }
    }
  },
  "game-view": {
    "fullScreen": false,
    "scaleValue": 130,
    "sliderValue": 55,
    "devicesInfo": {
      "name": "16:9",
      "type": "ratio",
      "width": 16,
      "height": 9
    }
  },
  "scene": {
    "native": false
  },
  "__version__": "1.0.0",
  "builder": {},
  "": {
    "sculpt_brush_rotate": 0
  }
}
